file_path,Auth,Persistence,Recommender,Registry,WebUI,best_module,best_likelihood
services/tools.descartes.teastore.image/src/main/java/tools/descartes/teastore/image/ImageDBKey.java,0.0,5.471761105582118E-4,2.389338493347168,2.2899837493896484,40.05955123901367,WebUI,40.05955123901367
services/tools.descartes.teastore.auth/src/main/java/tools/descartes/teastore/auth/rest/AuthCartRest.java,111.76885223388672,59.92939758300781,6.756852149963379,8.937712669372559,7.444000244140625,Auth,111.76885223388672
services/tools.descartes.teastore.image/src/test/java/tools/descartes/teastore/image/storage/rules/TestStoreLargeImages.java,18.80397605895996,0.7191089987754822,0.0,2.246788740158081,7.187873840332031,Auth,18.80397605895996
services/tools.descartes.teastore.image/src/test/java/tools/descartes/teastore/image/cache/TestLastInFirstOut.java,20.05934715270996,3.5878425114788115E-4,0.5066303014755249,2.190142869949341,4.679195404052734,Auth,20.05934715270996
services/tools.descartes.teastore.persistence/src/main/java/tools/descartes/teastore/persistence/domain/UserRepository.java,3.391223430633545,74.93160247802734,6.78244686126709,2.1984236240386963,2.3291752338409424,Persistence,74.93160247802734
services/tools.descartes.teastore.image/src/main/java/tools/descartes/teastore/image/setup/StorageMode.java,0.0,5.262426566332579E-4,0.0,2.2788898944854736,6.147469520568848,WebUI,6.147469520568848
services/tools.descartes.teastore.image/src/main/java/tools/descartes/teastore/image/rest/ImageProviderEndpoint.java,27.48519515991211,5.156493186950684,1.7060909271240234,3.6219592094421387,11.154995918273926,Auth,27.48519515991211
utilities/tools.descartes.teastore.registryclient/src/main/java/tools/descartes/teastore/registryclient/rest/TrackingFilter.java,28.643932342529297,0.0012049314100295305,1.2538422346115112,39.528873443603516,92.5787353515625,WebUI,92.5787353515625
utilities/tools.descartes.teastore.registryclient/src/main/java/tools/descartes/teastore/registryclient/Service.java,84.25051879882812,72.33799743652344,86.86837768554688,37.428993225097656,100.28460693359375,WebUI,100.28460693359375
services/tools.descartes.teastore.webui/src/main/java/tools/descartes/teastore/webui/servlet/CartActionServlet.java,1.0,0.7383067607879639,5.6596832275390625,2.1520657539367676,86.11112976074219,WebUI,86.11112976074219
services/tools.descartes.teastore.image/src/main/java/tools/descartes/teastore/image/cache/entry/ICachable.java,0.0,0.905758261680603,0.6833596229553223,2.301996946334839,5.095509052276611,WebUI,5.095509052276611
services/tools.descartes.teastore.image/src/main/java/tools/descartes/teastore/image/storage/rules/StoreLargeImages.java,0.0,5.515642696991563E-4,0.0,2.292309284210205,7.480622291564941,WebUI,7.480622291564941
services/tools.descartes.teastore.recommender/src/main/java/tools/descartes/teastore/recommender/algorithm/impl/UseFallBackException.java,0.0,5.746047827415168E-4,95.26403045654297,2.3045201301574707,2.004338026046753,Recommender,95.26403045654297
interfaces/tools.descartes.teastore.entities/src/main/java/tools/descartes/teastore/entities/ImageSizePreset.java,0.0,3.746931791305542,2.2304835319519043,0.0,4.004054069519043,WebUI,4.004054069519043
services/tools.descartes.teastore.image/src/test/java/tools/descartes/teastore/image/cache/TestLeastFrequentlyUsed.java,20.03771209716797,3.744094865396619E-4,0.5218366384506226,2.1984236240386963,4.717645645141602,Auth,20.03771209716797
utilities/tools.descartes.teastore.kieker.rabbitmq/src/main/java/tools/descartes/teastore/kieker/rabbitmq/MemoryLogStorage.java,0.0,5.515642696991563E-4,0.0,0.0,2.004263401031494,WebUI,2.004263401031494
services/tools.descartes.teastore.recommender/src/test/java/tools/descartes/teastore/recommender/algorithm/PopularityBasedRecommenderTest.java,0.0,3.444108588155359E-4,81.95516967773438,2.182525396347046,2.0033881664276123,Recommender,81.95516967773438
utilities/tools.descartes.teastore.registryclient/src/main/java/tools/descartes/teastore/registryclient/RegistryClient.java,35.943660736083984,7.199016094207764,7.293132781982422,123.55907440185547,9.182747840881348,Registry,123.55907440185547
services/tools.descartes.teastore.webui/src/main/java/tools/descartes/teastore/webui/servlet/DataBaseServlet.java,0.0,5.305276870727539,0.0,2.268613338470459,125.03575134277344,WebUI,125.03575134277344
services/tools.descartes.teastore.recommender/src/main/java/tools/descartes/teastore/recommender/rest/TrainEndpoint.java,23.488529205322266,6.942570686340332,89.78286743164062,9.503925323486328,11.836559295654297,Recommender,89.78286743164062
services/tools.descartes.teastore.image/src/test/java/tools/descartes/teastore/image/cache/TestMostRecentlyUsed.java,19.91077423095703,3.744094865396619E-4,0.5218366384506226,2.1984236240386963,4.717645645141602,Auth,19.91077423095703
services/tools.descartes.teastore.image/src/main/java/tools/descartes/teastore/image/cache/AbstractTreeCache.java,0.0,4.853893769904971E-4,0.6194475889205933,2.2572391033172607,4.9523444175720215,WebUI,4.9523444175720215
services/tools.descartes.teastore.image/src/main/java/tools/descartes/teastore/image/cache/AbstractQueueCache.java,0.0,5.144341266714036E-4,0.6423332691192627,2.2726316452026367,5.004515171051025,WebUI,5.004515171051025
services/tools.descartes.teastore.image/src/test/java/tools/descartes/teastore/image/cache/entry/AbstractEntryWrapper.java,0.0,0.8991290926933289,0.6783603429794312,2.2982897758483887,5.084590435028076,WebUI,5.084590435028076
services/tools.descartes.teastore.image/src/main/java/tools/descartes/teastore/image/cache/rules/CacheAll.java,0.0,5.605551414191723E-4,0.6767101287841797,2.297074317932129,6.508714199066162,WebUI,6.508714199066162
services/tools.descartes.teastore.webui/src/main/java/tools/descartes/teastore/webui/servlet/IndexServlet.java,0.0,64.39054870605469,0.0,2.5420494079589844,121.65953826904297,WebUI,121.65953826904297
services/tools.descartes.teastore.persistence/src/main/java/tools/descartes/teastore/persistence/domain/OrderItemRepository.java,0.0,72.65879821777344,5.740145206451416,2.162942409515381,3.055739402770996,Persistence,72.65879821777344
utilities/tools.descartes.teastore.registryclient/src/main/java/tools/descartes/teastore/registryclient/rest/NonBalancedCRUDOperations.java,27.116762161254883,5.164817810058594,3.071661949157715,41.081825256347656,7.211852550506592,Registry,41.081825256347656
services/tools.descartes.teastore.auth/src/main/java/tools/descartes/teastore/auth/security/ISecurityProvider.java,94.63037109375,5.628488142974675E-4,0.0,2.2982897758483887,2.004300355911255,Auth,94.63037109375
services/tools.descartes.teastore.image/src/main/java/tools/descartes/teastore/image/cache/entry/CountedEntry.java,0.0,0.8819168210029602,0.6653795838356018,2.288834810256958,5.0560221672058105,WebUI,5.0560221672058105
services/tools.descartes.teastore.auth/src/main/java/tools/descartes/teastore/auth/startup/AuthStartup.java,90.14338684082031,64.7353744506836,0.0,101.2191162109375,3.2734880447387695,Registry,101.2191162109375
services/tools.descartes.teastore.image/src/main/java/tools/descartes/teastore/image/setup/SetupController.java,61.23237609863281,67.58180236816406,9.923809051513672,43.057559967041016,18.515382766723633,Persistence,67.58180236816406
services/tools.descartes.teastore.auth/src/main/java/tools/descartes/teastore/auth/security/BCryptProvider.java,98.77611541748047,5.674930289387703E-4,0.0,2.300750970840454,2.0043153762817383,Auth,98.77611541748047
utilities/tools.descartes.teastore.kieker.rabbitmq/src/main/java/tools/descartes/teastore/kieker/rabbitmq/LogConsumer.java,12.428177833557129,2.5352838039398193,0.0,3.564873218536377,2.3102948665618896,Auth,12.428177833557129
services/tools.descartes.teastore.persistence/src/main/java/tools/descartes/teastore/persistence/rest/DatabaseGenerationEndpoint.java,44.944149017333984,76.42091369628906,18.8911190032959,45.08348846435547,6.988452911376953,Persistence,76.42091369628906
services/tools.descartes.teastore.recommender/src/main/java/tools/descartes/teastore/recommender/rest/RecommendSingleEndpoint.java,19.183822631835938,5.040639877319336,168.74403381347656,2.264711856842041,2.856734037399292,Recommender,168.74403381347656
services/tools.descartes.teastore.recommender/src/main/java/tools/descartes/teastore/recommender/servlet/TrainingSynchronizer.java,37.164608001708984,73.97904205322266,86.09819793701172,10.031603813171387,13.297457695007324,Recommender,86.09819793701172
services/tools.descartes.teastore.image/src/test/java/tools/descartes/teastore/image/cache/TestLeastRecentlyUsed.java,19.97738265991211,3.744094865396619E-4,0.5218366384506226,2.1984236240386963,4.717645645141602,Auth,19.97738265991211
services/tools.descartes.teastore.image/src/main/java/tools/descartes/teastore/image/ImageProvider.java,11.797579765319824,4.96569299697876,2.6444694995880127,3.4457590579986572,21.743276596069336,WebUI,21.743276596069336
utilities/tools.descartes.teastore.kieker.rabbitmq/src/main/java/tools/descartes/teastore/kieker/rabbitmq/IndexServlet.java,0.0,4.59449045592919E-4,2.7341432571411133,0.0,7.371684551239014,WebUI,7.371684551239014
services/tools.descartes.teastore.auth/src/main/java/tools/descartes/teastore/auth/rest/ReadyRest.java,115.19215393066406,2.709803819656372,1.6944193840026855,2.2934861183166504,2.900704860687256,Auth,115.19215393066406
services/tools.descartes.teastore.recommender/src/test/java/tools/descartes/teastore/recommender/algorithm/DummyRecommenderTest.java,0.0,4.7206308227032423E-4,145.94573974609375,2.2501766681671143,2.0039758682250977,Recommender,145.94573974609375
services/tools.descartes.teastore.recommender/src/main/java/tools/descartes/teastore/recommender/servlet/IndexServlet.java,0.0,5.068518221378326E-4,92.92332458496094,2.268613338470459,3.4271302223205566,Recommender,92.92332458496094
utilities/tools.descartes.teastore.registryclient/src/main/java/tools/descartes/teastore/registryclient/loadbalancers/EndpointClientCollection.java,0.4664623439311981,1.0004533529281616,0.9329246878623962,37.28032684326172,2.0039007663726807,Registry,37.28032684326172
services/tools.descartes.teastore.registry/src/main/java/tools/descartes/teastore/registry/rest/RegistryStartup.java,0.0,0.6308931112289429,0.0,141.8870391845703,2.0041351318359375,Registry,141.8870391845703
utilities/tools.descartes.teastore.registryclient/src/main/java/tools/descartes/teastore/registryclient/util/TimeoutException.java,0.0,5.770152201876044E-4,0.0,35.0,2.004345655441284,Registry,35.0
services/tools.descartes.teastore.recommender/src/main/java/tools/descartes/teastore/recommender/algorithm/impl/DummyRecommender.java,1.8477985858917236,5.493614007718861E-4,150.97317504882812,2.291141986846924,3.004256010055542,Recommender,150.97317504882812
services/tools.descartes.teastore.image/src/main/java/tools/descartes/teastore/image/setup/CreatorRunner.java,40.868621826171875,1.4981317520141602,5.704285144805908,2.207458734512329,12.611767768859863,Auth,40.868621826171875
services/tools.descartes.teastore.image/src/test/java/tools/descartes/teastore/image/cache/TestAbstractCache.java,20.526275634765625,1.4959876537322998,0.19465529918670654,2.0577008724212646,3.7526004314422607,Auth,20.526275634765625
services/tools.descartes.teastore.recommender/src/test/java/tools/descartes/teastore/recommender/algorithm/SlopeOneRecommenderTest.java,19.995193481445312,1.5560108423233032,66.61546325683594,2.0970184803009033,2.45247745513916,Recommender,66.61546325683594
services/tools.descartes.teastore.image/src/main/java/tools/descartes/teastore/image/setup/StorageRule.java,0.0,5.183109897188842E-4,0.0,2.274686336517334,8.294320106506348,WebUI,8.294320106506348
services/tools.descartes.teastore.image/src/main/java/tools/descartes/teastore/image/storage/rules/StoreAll.java,0.0,5.605551414191723E-4,0.0,2.297074317932129,6.508714199066162,WebUI,6.508714199066162
services/tools.descartes.teastore.persistence/src/main/java/tools/descartes/teastore/persistence/domain/PersistenceProduct.java,0.0,74.37355041503906,2.4907901287078857,2.2341082096099854,4.250326633453369,Persistence,74.37355041503906
services/tools.descartes.teastore.image/src/test/java/tools/descartes/teastore/image/cache/entry/TestAbstractEntry.java,40.89501190185547,0.7357870936393738,0.555162787437439,2.217355728149414,4.800081729888916,Auth,40.89501190185547
utilities/tools.descartes.teastore.kieker.rabbitmq/src/main/java/tools/descartes/teastore/kieker/rabbitmq/Reset.java,0.0,4.59449045592919E-4,0.0,0.0,7.5909905433654785,WebUI,7.5909905433654785
services/tools.descartes.teastore.image/src/main/java/tools/descartes/teastore/image/ImageDB.java,11.861849784851074,3.6097183227539062,3.415947914123535,2.1303184032440186,107.91870880126953,WebUI,107.91870880126953
services/tools.descartes.teastore.webui/src/main/java/tools/descartes/teastore/webui/servlet/CategoryServlet.java,39.15629577636719,66.42094421386719,8.052672386169434,2.4523372650146484,98.66389465332031,WebUI,98.66389465332031
interfaces/tools.descartes.teastore.entities/src/main/java/tools/descartes/teastore/entities/Order.java,2.1178665161132812,3.742058038711548,5.848053455352783,0.0,2.003584384918213,Recommender,5.848053455352783
services/tools.descartes.teastore.recommender/src/main/java/tools/descartes/teastore/recommender/algorithm/impl/pop/PopularityBasedRecommender.java,17.586463928222656,1.1314846277236938,98.7481689453125,2.2609219551086426,3.9609806537628174,Recommender,98.7481689453125
services/tools.descartes.teastore.webui/src/main/java/tools/descartes/teastore/webui/servlet/LoginServlet.java,0.0,63.997074127197266,0.0,2.5347089767456055,121.02098846435547,WebUI,121.02098846435547
services/tools.descartes.teastore.recommender/src/test/java/tools/descartes/teastore/recommender/algorithm/OrderBasedRecommenderTest.java,0.0,3.074592677876353E-4,119.74267578125,2.162942409515381,2.0031793117523193,Recommender,119.74267578125
services/tools.descartes.teastore.registry/src/main/java/tools/descartes/teastore/registry/servlet/IndexServlet.java,0.0,5.106148310005665E-4,0.0,129.63743591308594,3.433685541152954,Registry,129.63743591308594
utilities/tools.descartes.teastore.registryclient/src/main/java/tools/descartes/teastore/registryclient/rest/LoadBalancedImageOperations.java,31.84140396118164,2.5953032970428467,4.661168098449707,41.12926483154297,10.001264572143555,Registry,41.12926483154297
services/tools.descartes.teastore.persistence/src/test/java/tools/descartes/teastore/persistence/DataGeneratorTest.java,3.267225742340088,68.62122344970703,10.2954740524292,2.190142869949341,2.0034639835357666,Persistence,68.62122344970703
services/tools.descartes.teastore.auth/src/main/java/tools/descartes/teastore/auth/rest/AuthUserActionsRest.java,106.35519409179688,68.74272918701172,11.999641418457031,8.981635093688965,7.706835746765137,Auth,106.35519409179688
utilities/tools.descartes.teastore.kieker.rabbitmq/src/main/java/tools/descartes/teastore/kieker/rabbitmq/FileWriterDaemon.java,0.0,0.5281766653060913,0.0,0.0,3.516216993331909,WebUI,3.516216993331909
services/tools.descartes.teastore.image/src/main/java/tools/descartes/teastore/image/cache/entry/AbstractEntry.java,0.0,1.9528653621673584,0.5930359363555908,2.240281343460083,4.890829563140869,WebUI,4.890829563140869
services/tools.descartes.teastore.recommender/src/main/java/tools/descartes/teastore/recommender/algorithm/IRecommender.java,1.8546249866485596,5.537847755476832E-4,151.46493530273438,3.514963150024414,3.0042707920074463,Recommender,151.46493530273438
services/tools.descartes.teastore.persistence/src/test/java/tools/descartes/teastore/persistence/repository/EMFManagerInitializer.java,16.571325302124023,75.6784439086914,0.0,2.2810401916503906,2.0041911602020264,Persistence,75.6784439086914
services/tools.descartes.teastore.recommender/src/main/java/tools/descartes/teastore/recommender/rest/RecommendEndpoint.java,20.05784034729004,5.145303249359131,181.1163787841797,2.2767720222473145,3.886207342147827,Recommender,181.1163787841797
services/tools.descartes.teastore.image/src/test/java/tools/descartes/teastore/image/storage/TestNoStorage.java,19.7141056060791,4.656706587411463E-4,0.0,2.246788740158081,5.220812797546387,Auth,19.7141056060791
services/tools.descartes.teastore.image/src/test/java/tools/descartes/teastore/image/storage/rules/TestStoreAll.java,18.03826141357422,5.407232092693448E-4,0.0,2.2865638732910156,6.446151256561279,Auth,18.03826141357422
utilities/tools.descartes.teastore.kieker.probes/src/main/java/tools/descartes/teastore/kieker/probes/records/OperationExecutionWithParametersRecord.java,4.230462074279785,1.7389088869094849,0.0,0.0,2.4416658878326416,Auth,4.230462074279785
interfaces/tools.descartes.teastore.entities/src/main/java/tools/descartes/teastore/entities/Product.java,0.0,3.9733951091766357,3.0033421516418457,0.0,2.429030179977417,Persistence,3.9733951091766357
services/tools.descartes.teastore.recommender/src/test/java/tools/descartes/teastore/recommender/algorithm/PreprocessedSlopeOneRecommenderTest.java,20.350852966308594,1.589590072631836,79.9704360961914,2.1689858436584473,2.4694597721099854,Recommender,79.9704360961914
utilities/tools.descartes.teastore.registryclient/src/main/java/tools/descartes/teastore/registryclient/loadbalancers/LoadBalancerTimeoutException.java,0.0,5.605551414191723E-4,0.0,37.413787841796875,2.0042929649353027,Registry,37.413787841796875
services/tools.descartes.teastore.image/src/main/java/tools/descartes/teastore/image/cache/entry/ICacheEntry.java,0.0,0.8991290926933289,0.6783603429794312,2.2982897758483887,5.084590435028076,WebUI,5.084590435028076
services/tools.descartes.teastore.image/src/main/java/tools/descartes/teastore/image/cache/AbstractCache.java,2.743107795715332,5.460538387298584,1.5111477375030518,4.450847148895264,8.124472618103027,WebUI,8.124472618103027
utilities/tools.descartes.teastore.registryclient/src/main/java/tools/descartes/teastore/registryclient/rest/RestUtil.java,66.95246124267578,2.7124650478363037,4.046469211578369,42.502220153808594,6.3310322761535645,Auth,66.95246124267578
services/tools.descartes.teastore.image/src/main/java/tools/descartes/teastore/image/cache/IDataCache.java,0.0,5.262426566332579E-4,0.6513575315475464,2.2788898944854736,5.024805068969727,WebUI,5.024805068969727
services/tools.descartes.teastore.image/src/test/java/tools/descartes/teastore/image/cache/AbstractCacheWrapper.java,0.0,1.3224549293518066,0.6364547610282898,2.268613338470459,4.991212844848633,WebUI,4.991212844848633
services/tools.descartes.teastore.persistence/src/main/java/tools/descartes/teastore/persistence/domain/PersistenceOrder.java,3.4322590827941895,68.2175521850586,8.164581298828125,2.1689858436584473,3.99869966506958,Persistence,68.2175521850586
services/tools.descartes.teastore.image/src/test/java/tools/descartes/teastore/image/cache/DummyEntry.java,0.0,1.2675533294677734,0.6250147223472595,2.2609219551086426,4.965130805969238,WebUI,4.965130805969238
services/tools.descartes.teastore.image/src/main/java/tools/descartes/teastore/image/cache/entry/TimedEntry.java,0.5541335344314575,0.8756308555603027,1.7689059972763062,2.2854418754577637,5.045510292053223,WebUI,5.045510292053223
services/tools.descartes.teastore.webui/src/main/java/tools/descartes/teastore/webui/servlet/elhelper/ELHelperUtils.java,0.0,5.222467007115483E-4,0.0,2.2767720222473145,104.16498565673828,WebUI,104.16498565673828
services/tools.descartes.teastore.recommender/src/test/java/tools/descartes/teastore/recommender/algorithm/AbstractRecommenderFunctionalityTest.java,20.129329681396484,1.6453206539154053,85.2849349975586,3.070892810821533,2.5244674682617188,Recommender,85.2849349975586
services/tools.descartes.teastore.image/src/test/java/tools/descartes/teastore/image/TestStoreImage.java,19.485008239746094,1.1089152097702026,0.9844745993614197,2.138225555419922,6.095587730407715,Auth,19.485008239746094
services/tools.descartes.teastore.recommender/src/main/java/tools/descartes/teastore/recommender/servlet/RetrainDaemon.java,0.0,66.19842529296875,93.5326919555664,37.67320251464844,3.4537174701690674,Recommender,93.5326919555664
services/tools.descartes.teastore.persistence/src/main/java/tools/descartes/teastore/persistence/domain/PersistenceUser.java,5.442124366760254,72.50909423828125,9.744606018066406,2.212291717529297,3.7064924240112305,Persistence,72.50909423828125
services/tools.descartes.teastore.image/src/main/java/tools/descartes/teastore/image/ImageScaler.java,1.8862073421478271,0.0012551791733130813,0.0,2.157316207885742,7.464502811431885,WebUI,7.464502811431885
services/tools.descartes.teastore.recommender/src/main/java/tools/descartes/teastore/recommender/algorithm/impl/cf/PreprocessedSlopeOneRecommender.java,15.11396312713623,1.876202940940857,96.3014144897461,2.268613338470459,2.650780200958252,Recommender,96.3014144897461
services/tools.descartes.teastore.persistence/src/main/java/tools/descartes/teastore/persistence/servlet/IndexServlet.java,0.0,76.8054428100586,0.0,2.2706077098846436,3.433685541152954,Persistence,76.8054428100586
services/tools.descartes.teastore.persistence/src/main/java/tools/descartes/teastore/persistence/domain/converters/LocalDateAttributeConverter.java,0.0,75.6784439086914,0.0,2.2810401916503906,4.194451332092285,Persistence,75.6784439086914
services/tools.descartes.teastore.image/src/main/java/tools/descartes/teastore/image/cache/LeastFrequentlyUsed.java,0.0,4.656706587411463E-4,0.603325605392456,2.246788740158081,4.914964199066162,WebUI,4.914964199066162
services/tools.descartes.teastore.persistence/src/main/java/tools/descartes/teastore/persistence/rest/ProductEndpoint.java,22.174036026000977,68.62122344970703,7.149317264556885,7.207592964172363,6.429932594299316,Persistence,68.62122344970703
services/tools.descartes.teastore.image/src/main/java/tools/descartes/teastore/image/StoreImage.java,0.0,0.792042076587677,2.6098294258117676,2.162942409515381,7.922318935394287,WebUI,7.922318935394287
services/tools.descartes.teastore.registry/src/main/java/tools/descartes/teastore/registry/rest/Registry.java,13.793352127075195,1.1810290813446045,2.4825387001037598,175.15005493164062,3.5597121715545654,Registry,175.15005493164062
utilities/tools.descartes.teastore.registryclient/src/main/java/tools/descartes/teastore/registryclient/tracing/Tracing.java,14.782690048217773,1.4231072664260864,0.0,38.4149284362793,2.8581371307373047,Registry,38.4149284362793
services/tools.descartes.teastore.webui/src/main/java/tools/descartes/teastore/webui/servlet/StatusServlet.java,82.6602783203125,64.30005645751953,74.80593872070312,101.85619354248047,116.61985778808594,WebUI,116.61985778808594
utilities/tools.descartes.teastore.registryclient/src/main/java/tools/descartes/teastore/registryclient/rest/LoadBalancedRecommenderOperations.java,0.0,2.392852783203125,108.12470245361328,37.30883026123047,2.0040807723999023,Recommender,108.12470245361328
services/tools.descartes.teastore.webui/src/main/java/tools/descartes/teastore/webui/servlet/ErrorServlet.java,0.0,63.241031646728516,0.0,4.520609378814697,120.92145538330078,WebUI,120.92145538330078
services/tools.descartes.teastore.webui/src/main/java/tools/descartes/teastore/webui/servlet/LoginActionServlet.java,3.8601107597351074,4.2015450890176E-4,4.72209358215332,2.2226669788360596,101.15447998046875,WebUI,101.15447998046875
services/tools.descartes.teastore.persistence/src/main/java/tools/descartes/teastore/persistence/domain/OrderRepository.java,3.885986804962158,71.95730590820312,10.10032844543457,2.1689858436584473,2.835707187652588,Persistence,71.95730590820312
utilities/tools.descartes.teastore.registryclient/src/main/java/tools/descartes/teastore/registryclient/loadbalancers/ServiceLoadBalancerResult.java,0.0,5.199568271636963,0.0,39.0,3.0040016174316406,Registry,39.0
utilities/tools.descartes.teastore.registryclient/src/main/java/tools/descartes/teastore/registryclient/rest/ResponseWrapper.java,5.500948429107666,4.101325757801533E-4,1.4980803728103638,37.2061653137207,2.614824056625366,Registry,37.2061653137207
utilities/tools.descartes.teastore.registryclient/src/main/java/tools/descartes/teastore/registryclient/loadbalancers/LoadBalancerUpdaterDaemon.java,0.0,0.6874551177024841,0.0,37.0,2.0042929649353027,Registry,37.0
services/tools.descartes.teastore.registry/src/main/java/tools/descartes/teastore/registry/rest/RegistryREST.java,36.91048812866211,6.665194988250732,1.4767242670059204,198.57937622070312,7.8706865310668945,Registry,198.57937622070312
services/tools.descartes.teastore.auth/src/main/java/tools/descartes/teastore/auth/security/ShaSecurityProvider.java,100.69353485107422,2.0948545932769775,0.8210810422897339,2.207458734512329,3.1823768615722656,Auth,100.69353485107422
services/tools.descartes.teastore.auth/src/test/java/tools/descartes/teastore/auth/security/ConstantKeyProviderTest.java,90.959228515625,5.605551414191723E-4,0.0,2.297074317932129,2.0042929649353027,Auth,90.959228515625
utilities/tools.descartes.teastore.kieker.rabbitmq/src/main/java/tools/descartes/teastore/kieker/rabbitmq/DisplayLogs.java,0.0,5.303001962602139E-4,0.0,0.0,2.0041911602020264,WebUI,2.0041911602020264
services/tools.descartes.teastore.image/src/test/java/tools/descartes/teastore/image/cache/entry/TestCountedEntry.java,19.420425415039062,0.8359115123748779,0.6306828856468201,2.264711856842041,4.978085994720459,Auth,19.420425415039062
services/tools.descartes.teastore.image/src/test/java/tools/descartes/teastore/image/TestImageProvider.java,0.0,5.919130053371191E-4,0.0,2.313692808151245,5.128962993621826,WebUI,5.128962993621826
services/tools.descartes.teastore.image/src/test/java/tools/descartes/teastore/image/cache/entry/TestTimedEntry.java,19.359426498413086,0.828396201133728,1.6250147819519043,2.2609219551086426,5.965130805969238,Auth,19.359426498413086
services/tools.descartes.teastore.image/src/main/java/tools/descartes/teastore/image/cache/entry/SimpleEntry.java,0.0,0.8925963640213013,0.6734336614608765,2.2946724891662598,5.073784828186035,WebUI,5.073784828186035
utilities/tools.descartes.teastore.registryclient/src/main/java/tools/descartes/teastore/registryclient/rest/LoadBalancedStoreOperations.java,119.5533218383789,2.603564739227295,7.794826030731201,37.39128494262695,2.727670431137085,Auth,119.5533218383789
services/tools.descartes.teastore.image/src/main/java/tools/descartes/teastore/image/storage/NoStorage.java,0.0,5.344208329916E-4,0.0,2.283223867416382,5.038561820983887,WebUI,5.038561820983887
services/tools.descartes.teastore.image/src/test/java/tools/descartes/teastore/image/cache/AbstractCacheTestInit.java,0.0,3.914577537216246E-4,0.5379841327667236,2.207458734512329,4.757897853851318,WebUI,4.757897853851318
services/tools.descartes.teastore.image/src/main/java/tools/descartes/teastore/image/setup/ImageIDFactory.java,0.579075276851654,5.628488142974675E-4,1.158150553703308,2.2982897758483887,5.084590435028076,WebUI,5.084590435028076
services/tools.descartes.teastore.image/src/test/java/tools/descartes/teastore/image/TestImageScaler.java,25.5281982421875,0.646014392375946,0.5762708187103271,2.111229419708252,7.236952781677246,Auth,25.5281982421875
services/tools.descartes.teastore.persistence/src/main/java/tools/descartes/teastore/persistence/repository/DataGenerator.java,46.658016204833984,56.64534378051758,13.61795425415039,3.596492290496826,6.800683975219727,Persistence,56.64534378051758
services/tools.descartes.teastore.persistence/src/main/java/tools/descartes/teastore/persistence/domain/PersistenceOrderItem.java,0.0,74.87076568603516,5.880670547485352,2.240281343460083,4.052389144897461,Persistence,74.87076568603516
services/tools.descartes.teastore.persistence/src/main/java/tools/descartes/teastore/persistence/domain/PersistenceCategory.java,0.0,75.90608978271484,2.345508575439453,2.2536587715148926,4.359866619110107,Persistence,75.90608978271484
utilities/tools.descartes.teastore.registryclient/src/main/java/tools/descartes/teastore/registryclient/RegistryClientHeartbeatDaemon.java,0.0,0.6605370044708252,0.0,37.463165283203125,2.0042197704315186,Registry,37.463165283203125
services/tools.descartes.teastore.persistence/src/main/java/tools/descartes/teastore/persistence/repository/CacheManager.java,26.507671356201172,70.39108276367188,1.0764667987823486,2.1984236240386963,3.6187868118286133,Persistence,70.39108276367188
services/tools.descartes.teastore.image/src/test/java/tools/descartes/teastore/image/cache/rules/TestCacheAll.java,18.03826141357422,5.407232092693448E-4,0.6622116565704346,2.2865638732910156,6.446151256561279,Auth,18.03826141357422
services/tools.descartes.teastore.webui/src/main/java/tools/descartes/teastore/webui/servlet/OrderServlet.java,0.0,62.5235595703125,2.3278098106384277,2.5072343349456787,118.5770263671875,WebUI,118.5770263671875
services/tools.descartes.teastore.image/src/main/java/tools/descartes/teastore/image/cache/LastInFirstOut.java,0.0,5.068518221378326E-4,0.6364547610282898,2.268613338470459,4.991212844848633,WebUI,4.991212844848633
interfaces/tools.descartes.teastore.entities/src/main/java/tools/descartes/teastore/entities/OrderItem.java,0.0,3.9236674308776855,3.641664981842041,0.0,2.003758668899536,Persistence,3.9236674308776855
services/tools.descartes.teastore.auth/src/main/java/tools/descartes/teastore/auth/security/RandomSessionIdGenerator.java,90.53697204589844,5.746047827415168E-4,0.0,2.3045201301574707,2.004338026046753,Auth,90.53697204589844
services/tools.descartes.teastore.webui/src/main/java/tools/descartes/teastore/webui/startup/WebuiStartup.java,73.93315124511719,64.51624298095703,76.00259399414062,100.99055480957031,108.21090698242188,WebUI,108.21090698242188
utilities/tools.descartes.teastore.kieker.probes/src/main/java/tools/descartes/teastore/kieker/probes/AbstractOperationExecutionWithParameterAspect.java,5.102928161621094,3.345655918121338,0.0,66.81863403320312,4.804594039916992,Registry,66.81863403320312
utilities/tools.descartes.teastore.registryclient/src/main/java/tools/descartes/teastore/registryclient/StartupCallbackTask.java,1.7315137386322021,0.5560314059257507,0.0,104.303955078125,3.402031421661377,Registry,104.303955078125
services/tools.descartes.teastore.persistence/src/main/java/tools/descartes/teastore/persistence/rest/UserEndpoint.java,25.672401428222656,72.97956085205078,11.925530433654785,8.154988288879395,6.953055381774902,Persistence,72.97956085205078
utilities/tools.descartes.teastore.registryclient/src/main/java/tools/descartes/teastore/registryclient/rest/LoadBalancedCRUDOperations.java,0.0,2.370494842529297,1.9294592142105103,37.48101043701172,2.0033881664276123,Registry,37.48101043701172
services/tools.descartes.teastore.image/src/main/java/tools/descartes/teastore/image/setup/CachingRule.java,0.0,5.262426566332579E-4,0.0,2.2788898944854736,6.147469520568848,WebUI,6.147469520568848
services/tools.descartes.teastore.webui/src/main/java/tools/descartes/teastore/webui/servlet/AbstractUIServlet.java,20.929851531982422,2.380314350128174,6.053713321685791,2.4634013175964355,97.1762924194336,WebUI,97.1762924194336
services/tools.descartes.teastore.image/src/main/java/tools/descartes/teastore/image/cache/FirstInFirstOut.java,0.0,5.068518221378326E-4,0.6364547610282898,2.268613338470459,4.991212844848633,WebUI,4.991212844848633
services/tools.descartes.teastore.registry/src/main/java/tools/descartes/teastore/registry/rest/HeartbeatInfo.java,0.0,5.560233257710934E-4,1.0,130.03489685058594,3.0042781829833984,Registry,130.03489685058594
services/tools.descartes.teastore.image/src/main/java/tools/descartes/teastore/image/setup/ImageCreator.java,0.37385955452919006,0.22300966084003448,1.495889663696289,2.1232666969299316,6.102743148803711,WebUI,6.102743148803711
services/tools.descartes.teastore.image/src/test/java/tools/descartes/teastore/image/cache/entry/TestSimpleEntry.java,16.571325302124023,0.8673878312110901,0.6544222235679626,2.2810401916503906,5.031660079956055,Auth,16.571325302124023
services/tools.descartes.teastore.image/src/main/java/tools/descartes/teastore/image/storage/DriveStorage.java,29.918066024780273,2.392834424972534,1.670867919921875,2.1471543312072754,10.287277221679688,Auth,29.918066024780273
services/tools.descartes.teastore.persistence/src/main/java/tools/descartes/teastore/persistence/repository/AbstractPersistenceRepository.java,0.0,74.84500122070312,1.0651178359985352,4.563137054443359,3.250499963760376,Persistence,74.84500122070312
services/tools.descartes.teastore.recommender/src/main/java/tools/descartes/teastore/recommender/algorithm/impl/orderbased/OrderBasedRecommender.java,34.79877471923828,9.067829232662916E-4,105.02085876464844,2.240281343460083,5.590410232543945,Recommender,105.02085876464844
services/tools.descartes.teastore.recommender/src/main/java/tools/descartes/teastore/recommender/algorithm/OrderItemSet.java,2.1225178241729736,0.6204151511192322,100.98448944091797,2.2810401916503906,2.5619118213653564,Recommender,100.98448944091797
services/tools.descartes.teastore.image/src/main/java/tools/descartes/teastore/image/setup/CachingMode.java,0.0,0.003024584148079157,0.0,2.268613338470459,6.072509288787842,WebUI,6.072509288787842
utilities/tools.descartes.teastore.dockermemoryconfigurator/src/main/java/tools/descartes/teastore/dockermemoryconfigurator/Configurator.java,18.091339111328125,0.6610806584358215,2.0619421005249023,2.6420326232910156,4.749477863311768,Auth,18.091339111328125
services/tools.descartes.teastore.image/src/test/java/tools/descartes/teastore/image/cache/DummyData.java,0.0,1.2859570980072021,0.6306828856468201,2.264711856842041,4.978085994720459,WebUI,4.978085994720459
services/tools.descartes.teastore.webui/src/main/java/tools/descartes/teastore/webui/servlet/DataBaseActionServlet.java,40.38705062866211,58.58790588378906,76.6919174194336,10.101613998413086,103.27800750732422,WebUI,103.27800750732422
services/tools.descartes.teastore.auth/src/test/java/tools/descartes/teastore/auth/security/ShaSecurityProviderTest.java,92.86515808105469,3.0471534729003906,0.0,5.31525993347168,6.485989570617676,Auth,92.86515808105469
services/tools.descartes.teastore.image/src/main/java/tools/descartes/teastore/image/storage/IDataStorage.java,0.0,5.471761105582118E-4,0.0,2.2899837493896484,5.059550762176514,WebUI,5.059550762176514
interfaces/tools.descartes.teastore.entities/src/main/java/tools/descartes/teastore/entities/ImageSize.java,0.6429490447044373,3.6227400302886963,1.2858980894088745,0.0,6.222634792327881,WebUI,6.222634792327881
services/tools.descartes.teastore.auth/src/main/java/tools/descartes/teastore/auth/security/ConstantKeyProvider.java,91.4398422241211,5.722144851461053E-4,0.0,2.303253173828125,2.0043303966522217,Auth,91.4398422241211
services/tools.descartes.teastore.persistence/src/main/java/tools/descartes/teastore/persistence/domain/ProductRepository.java,0.0,71.8214111328125,5.182556629180908,2.1689858436584473,2.835707187652588,Persistence,71.8214111328125
services/tools.descartes.teastore.image/src/main/java/tools/descartes/teastore/image/setup/ImageProviderStartup.java,0.0,70.99571228027344,0.0,99.3235855102539,6.11126708984375,Registry,99.3235855102539
services/tools.descartes.teastore.image/src/test/java/tools/descartes/teastore/image/TestImageDB.java,20.4244327545166,2.325945533812046E-4,1.0,2.1232666969299316,5.534437656402588,Auth,20.4244327545166
utilities/tools.descartes.teastore.registryclient/src/main/java/tools/descartes/teastore/registryclient/rest/CharResponseWrapper.java,0.0,5.183109897188842E-4,0.0,35.0,2.0041489601135254,Registry,35.0
interfaces/tools.descartes.teastore.entities/src/test/java/tools/descartes/teastore/entities/InterfaceTests.java,0.0,3.152858018875122,0.0,0.0,2.00439190864563,Persistence,3.152858018875122
services/tools.descartes.teastore.webui/src/main/java/tools/descartes/teastore/webui/servlet/ProductServlet.java,1.0,70.13270568847656,6.533774375915527,2.5471110343933105,109.34982299804688,WebUI,109.34982299804688
services/tools.descartes.teastore.auth/src/main/java/tools/descartes/teastore/auth/security/IKeyProvider.java,91.73226928710938,5.79445855692029E-4,0.0,2.3070855140686035,2.0043532848358154,Auth,91.73226928710938
services/tools.descartes.teastore.webui/src/main/java/tools/descartes/teastore/webui/servlet/CartServlet.java,10.18651008605957,70.13270568847656,8.113407135009766,2.5471110343933105,109.34982299804688,WebUI,109.34982299804688
utilities/tools.descartes.teastore.kieker.rabbitmq/src/main/java/tools/descartes/teastore/kieker/rabbitmq/LogReaderStartup.java,0.0,4.786335048265755E-4,0.0,0.0,2.0040016174316406,WebUI,2.0040016174316406
services/tools.descartes.teastore.image/src/test/java/tools/descartes/teastore/image/cache/TestFirstInFirstOut.java,20.05934715270996,3.5878425114788115E-4,0.5066303014755249,2.190142869949341,4.679195404052734,Auth,20.05934715270996
services/tools.descartes.teastore.persistence/src/main/java/tools/descartes/teastore/persistence/repository/DatabaseManagementEntity.java,0.0,79.76310729980469,0.0,2.2946724891662598,2.0042781829833984,Persistence,79.76310729980469
utilities/tools.descartes.teastore.registryclient/src/main/java/tools/descartes/teastore/registryclient/util/NotFoundException.java,0.0,5.770152201876044E-4,0.0,35.0,2.004345655441284,Registry,35.0
interfaces/tools.descartes.teastore.entities/src/main/java/tools/descartes/teastore/entities/Category.java,0.0,4.163733005523682,0.0,0.0,2.4443023204803467,Persistence,4.163733005523682
services/tools.descartes.teastore.recommender/src/main/java/tools/descartes/teastore/recommender/algorithm/AbstractRecommender.java,18.7160701751709,1.601178765296936,110.7964859008789,6.378746509552002,3.6347813606262207,Recommender,110.7964859008789
services/tools.descartes.teastore.persistence/src/main/java/tools/descartes/teastore/persistence/rest/OrderEndpoint.java,24.232547760009766,70.19702911376953,14.582426071166992,2.207458734512329,3.0465848445892334,Persistence,70.19702911376953
utilities/tools.descartes.teastore.registryclient/src/main/java/tools/descartes/teastore/registryclient/util/RESTClient.java,22.470924377441406,3.839252233505249,1.7995014190673828,37.349151611328125,2.607372522354126,Registry,37.349151611328125
services/tools.descartes.teastore.image/src/test/java/tools/descartes/teastore/image/TestImageDBKey.java,19.892257690429688,4.923386732116342E-4,0.0,2.2609219551086426,4.965130805969238,Auth,19.892257690429688
services/tools.descartes.teastore.persistence/src/main/java/tools/descartes/teastore/persistence/rest/OrderItemEndpoint.java,21.688533782958984,67.88507080078125,8.358200073242188,2.182525396347046,3.239305019378662,Persistence,67.88507080078125
services/tools.descartes.teastore.recommender/src/test/java/tools/descartes/teastore/recommender/algorithm/AbstractRecommenderTest.java,4.663074493408203,0.44053685665130615,104.40586853027344,2.707911968231201,2.4408857822418213,Recommender,104.40586853027344
services/tools.descartes.teastore.recommender/src/main/java/tools/descartes/teastore/recommender/algorithm/impl/cf/SlopeOneRecommender.java,19.475589752197266,1.413716435432434,91.64631652832031,4.976781368255615,3.900815725326538,Recommender,91.64631652832031
services/tools.descartes.teastore.persistence/src/main/java/tools/descartes/teastore/persistence/domain/CategoryRepository.java,0.0,75.00383758544922,0.0,2.2341082096099854,2.003852128982544,Persistence,75.00383758544922
services/tools.descartes.teastore.image/src/main/java/tools/descartes/teastore/image/cache/RandomReplacement.java,0.0,4.7206308227032423E-4,0.6086055636405945,2.2501766681671143,4.927264213562012,WebUI,4.927264213562012
services/tools.descartes.teastore.webui/src/main/java/tools/descartes/teastore/webui/servlet/AboutUsServlet.java,0.0,1.6586365699768066,0.0,2.212291717529297,114.15617370605469,WebUI,114.15617370605469
services/tools.descartes.teastore.webui/src/main/java/tools/descartes/teastore/webui/servlet/ProfileServlet.java,3.9060564041137695,73.2049331665039,11.123481750488281,2.609980583190918,116.29452514648438,WebUI,116.29452514648438
services/tools.descartes.teastore.persistence/src/main/java/tools/descartes/teastore/persistence/repository/EMFManager.java,21.01116180419922,81.63223266601562,8.988579750061035,3.0457277297973633,5.684226036071777,Persistence,81.63223266601562
services/tools.descartes.teastore.persistence/src/test/java/tools/descartes/teastore/persistence/RegistrationDaemon.java,0.0,78.4342041015625,0.0,92.58448791503906,2.962289333343506,Registry,92.58448791503906
utilities/tools.descartes.teastore.kieker.probes/src/main/java/tools/descartes/teastore/kieker/probes/records/IPayloadCharacterization.java,0.0,5.674930289387703E-4,0.0,0.0,2.0043153762817383,WebUI,2.0043153762817383
services/tools.descartes.teastore.persistence/src/main/java/tools/descartes/teastore/persistence/domain/converters/LocalDateTimeAttributeConverter.java,0.0,75.6784439086914,0.0,2.2810401916503906,2.0041911602020264,Persistence,75.6784439086914
services/tools.descartes.teastore.auth/src/main/java/tools/descartes/teastore/auth/security/ISessionIdGenerator.java,90.92893981933594,5.843691760674119E-4,0.0,2.309694766998291,2.004368782043457,Auth,90.92893981933594
services/tools.descartes.teastore.recommender/src/main/java/tools/descartes/teastore/recommender/servlet/RecommenderStartup.java,0.5834982395172119,68.43991088867188,96.13432312011719,92.37406158447266,4.064123630523682,Recommender,96.13432312011719
utilities/tools.descartes.teastore.kieker.rabbitmq/src/main/java/tools/descartes/teastore/kieker/rabbitmq/LogReaderDaemon.java,11.310637474060059,0.7079523801803589,0.0,0.0,2.003852128982544,Auth,11.310637474060059
services/tools.descartes.teastore.persistence/src/main/java/tools/descartes/teastore/persistence/rest/CategoryEndpoint.java,17.413330078125,72.85865020751953,2.135366201400757,2.240281343460083,2.28997802734375,Persistence,72.85865020751953
utilities/tools.descartes.teastore.registryclient/src/main/java/tools/descartes/teastore/registryclient/StartupCallback.java,0.0,5.893768393434584E-4,0.0,35.0,2.0043840408325195,Registry,35.0
services/tools.descartes.teastore.webui/src/main/java/tools/descartes/teastore/webui/rest/ReadyRest.java,25.5791015625,2.716715097427368,1.7001794576644897,2.2946724891662598,105.09291076660156,WebUI,105.09291076660156
services/tools.descartes.teastore.image/src/test/java/tools/descartes/teastore/image/storage/TestDriveStorage.java,0.0,5.868623265996575E-4,0.0,2.311016082763672,5.121436595916748,WebUI,5.121436595916748
services/tools.descartes.teastore.recommender/src/main/java/tools/descartes/teastore/recommender/algorithm/RecommenderSelector.java,27.613054275512695,4.669438362121582,189.8621826171875,6.529816627502441,7.225337028503418,Recommender,189.8621826171875
services/tools.descartes.teastore.image/src/test/java/tools/descartes/teastore/image/cache/TestRandomReplacement.java,19.494115829467773,2.7766841230913997E-4,0.42079606652259827,2.1471543312072754,4.45171594619751,Auth,19.494115829467773
services/tools.descartes.teastore.image/src/main/java/tools/descartes/teastore/image/cache/LeastRecentlyUsed.java,0.0,4.59449045592919E-4,0.5981365442276001,2.2434916496276855,4.902820110321045,WebUI,4.902820110321045
services/tools.descartes.teastore.persistence/src/main/java/tools/descartes/teastore/persistence/daemons/InitialDataGenerationDaemon.java,12.5430326461792,79.42414093017578,4.139200210571289,100.83600616455078,2.7273967266082764,Registry,100.83600616455078
services/tools.descartes.teastore.image/src/main/java/tools/descartes/teastore/image/cache/MostRecentlyUsed.java,0.0,4.59449045592919E-4,0.5981365442276001,2.2434916496276855,4.902820110321045,WebUI,4.902820110321045
interfaces/tools.descartes.teastore.entities/src/main/java/tools/descartes/teastore/entities/User.java,5.608471870422363,3.9236674308776855,6.7670392990112305,0.0,2.003758668899536,Recommender,6.7670392990112305
services/tools.descartes.teastore.persistence/src/main/java/tools/descartes/teastore/persistence/rest/CacheManagerEndpoint.java,26.80235481262207,74.58816528320312,2.18595027923584,7.874983310699463,8.432108879089355,Persistence,74.58816528320312
services/tools.descartes.teastore.persistence/src/test/java/tools/descartes/teastore/persistence/RepositoryTest.java,2.7771620750427246,57.194576263427734,11.347315788269043,2.0970184803009033,2.330714464187622,Persistence,57.194576263427734
services/tools.descartes.teastore.image/src/main/java/tools/descartes/teastore/image/setup/CreatorFactory.java,14.082959175109863,3.2497122287750244,7.752079963684082,2.182525396347046,8.87387466430664,Auth,14.082959175109863
utilities/tools.descartes.teastore.registryclient/src/main/java/tools/descartes/teastore/registryclient/util/AbstractCRUDEndpoint.java,34.436927795410156,7.675586700439453,1.880998134613037,41.29452133178711,7.93389892578125,Registry,41.29452133178711
interfaces/tools.descartes.teastore.entities/src/main/java/tools/descartes/teastore/entities/message/SessionBlob.java,1.0,2.987133026123047,1.5637351274490356,0.0,2.004053831100464,Persistence,2.987133026123047
utilities/tools.descartes.teastore.registryclient/src/main/java/tools/descartes/teastore/registryclient/rest/HttpWrapper.java,4.659985542297363,1.5572644472122192,0.0,35.0,2.9271578788757324,Registry,35.0
utilities/tools.descartes.teastore.registryclient/src/main/java/tools/descartes/teastore/registryclient/loadbalancers/ServiceLoadBalancer.java,8.060871124267578,4.950934886932373,0.5170775651931763,68.45106506347656,6.166569232940674,Registry,68.45106506347656
