file_path,Auth,ImageProvider,Persistence,Registry,WebUI,best_module,best_likelihood
services/tools.descartes.teastore.image/src/main/java/tools/descartes/teastore/image/ImageDBKey.java,0.0,5.997835636138916,5.471761105582118E-4,2.2899837493896484,40.05955123901367,WebUI,40.05955123901367
services/tools.descartes.teastore.auth/src/main/java/tools/descartes/teastore/auth/rest/AuthCartRest.java,111.76885223388672,4.800891399383545,59.92939758300781,8.937712669372559,7.444000244140625,Auth,111.76885223388672
services/tools.descartes.teastore.image/src/test/java/tools/descartes/teastore/image/storage/rules/TestStoreLargeImages.java,18.80397605895996,3.4955759048461914,0.7191089987754822,2.246788740158081,7.187873840332031,Auth,18.80397605895996
services/tools.descartes.teastore.image/src/test/java/tools/descartes/teastore/image/cache/TestLastInFirstOut.java,20.05934715270996,2.3114418983459473,3.5878425114788115E-4,2.190142869949341,4.679195404052734,Auth,20.05934715270996
services/tools.descartes.teastore.persistence/src/main/java/tools/descartes/teastore/persistence/domain/UserRepository.java,3.391223430633545,4.588706016540527,74.93160247802734,2.1984236240386963,2.3291752338409424,Persistence,74.93160247802734
services/tools.descartes.teastore.image/src/main/java/tools/descartes/teastore/image/setup/StorageMode.java,0.0,2.5813610553741455,5.262426566332579E-4,2.2788898944854736,6.147469520568848,WebUI,6.147469520568848
services/tools.descartes.teastore.image/src/main/java/tools/descartes/teastore/image/rest/ImageProviderEndpoint.java,27.48519515991211,133.454833984375,5.156493186950684,3.6219592094421387,11.154995918273926,ImageProvider,133.454833984375
utilities/tools.descartes.teastore.registryclient/src/main/java/tools/descartes/teastore/registryclient/rest/TrackingFilter.java,28.643932342529297,4.442601680755615,0.0012049314100295305,39.528873443603516,92.5787353515625,WebUI,92.5787353515625
utilities/tools.descartes.teastore.registryclient/src/main/java/tools/descartes/teastore/registryclient/Service.java,84.25051879882812,5.182672023773193,72.33799743652344,37.428993225097656,100.28460693359375,WebUI,100.28460693359375
services/tools.descartes.teastore.webui/src/main/java/tools/descartes/teastore/webui/servlet/CartActionServlet.java,1.0,4.577050685882568,0.7383067607879639,2.1520657539367676,86.11112976074219,WebUI,86.11112976074219
services/tools.descartes.teastore.image/src/main/java/tools/descartes/teastore/image/cache/entry/ICachable.java,0.0,2.636580467224121,0.905758261680603,2.301996946334839,5.095509052276611,WebUI,5.095509052276611
services/tools.descartes.teastore.image/src/main/java/tools/descartes/teastore/image/storage/rules/StoreLargeImages.java,0.0,3.6140363216400146,5.515642696991563E-4,2.292309284210205,7.480622291564941,WebUI,7.480622291564941
services/tools.descartes.teastore.recommender/src/main/java/tools/descartes/teastore/recommender/algorithm/impl/UseFallBackException.java,0.0,1.7025526762008667,5.746047827415168E-4,2.3045201301574707,2.004338026046753,Registry,2.3045201301574707
interfaces/tools.descartes.teastore.entities/src/main/java/tools/descartes/teastore/entities/ImageSizePreset.java,0.0,2.0,3.746931791305542,0.0,4.004054069519043,WebUI,4.004054069519043
services/tools.descartes.teastore.image/src/test/java/tools/descartes/teastore/image/cache/TestLeastFrequentlyUsed.java,20.03771209716797,2.3414711952209473,3.744094865396619E-4,2.1984236240386963,4.717645645141602,Auth,20.03771209716797
utilities/tools.descartes.teastore.kieker.rabbitmq/src/main/java/tools/descartes/teastore/kieker/rabbitmq/MemoryLogStorage.java,0.0,0.0,5.515642696991563E-4,0.0,2.004263401031494,WebUI,2.004263401031494
services/tools.descartes.teastore.recommender/src/test/java/tools/descartes/teastore/recommender/algorithm/PopularityBasedRecommenderTest.java,0.0,0.0,3.444108588155359E-4,2.182525396347046,2.0033881664276123,Registry,2.182525396347046
utilities/tools.descartes.teastore.registryclient/src/main/java/tools/descartes/teastore/registryclient/RegistryClient.java,35.943660736083984,1.9171570539474487,7.199016094207764,123.55907440185547,9.182747840881348,Registry,123.55907440185547
services/tools.descartes.teastore.webui/src/main/java/tools/descartes/teastore/webui/servlet/DataBaseServlet.java,0.0,5.68190336227417,5.305276870727539,2.268613338470459,125.03575134277344,WebUI,125.03575134277344
services/tools.descartes.teastore.recommender/src/main/java/tools/descartes/teastore/recommender/rest/TrainEndpoint.java,23.488529205322266,3.8416898250579834,6.942570686340332,9.503925323486328,11.836559295654297,Auth,23.488529205322266
services/tools.descartes.teastore.image/src/test/java/tools/descartes/teastore/image/cache/TestMostRecentlyUsed.java,19.91077423095703,2.3414711952209473,3.744094865396619E-4,2.1984236240386963,4.717645645141602,Auth,19.91077423095703
services/tools.descartes.teastore.image/src/main/java/tools/descartes/teastore/image/cache/AbstractTreeCache.java,0.0,4.5247697830200195,4.853893769904971E-4,2.2572391033172607,4.9523444175720215,WebUI,4.9523444175720215
services/tools.descartes.teastore.image/src/main/java/tools/descartes/teastore/image/cache/AbstractQueueCache.java,0.0,4.56551456451416,5.144341266714036E-4,2.2726316452026367,5.004515171051025,WebUI,5.004515171051025
services/tools.descartes.teastore.image/src/test/java/tools/descartes/teastore/image/cache/entry/AbstractEntryWrapper.java,0.0,2.6280531883239746,0.8991290926933289,2.2982897758483887,5.084590435028076,WebUI,5.084590435028076
services/tools.descartes.teastore.image/src/main/java/tools/descartes/teastore/image/cache/rules/CacheAll.java,0.0,2.625230312347412,5.605551414191723E-4,2.297074317932129,6.508714199066162,WebUI,6.508714199066162
services/tools.descartes.teastore.webui/src/main/java/tools/descartes/teastore/webui/servlet/IndexServlet.java,0.0,6.2936530113220215,64.39054870605469,2.5420494079589844,121.65953826904297,WebUI,121.65953826904297
services/tools.descartes.teastore.persistence/src/main/java/tools/descartes/teastore/persistence/domain/OrderItemRepository.java,0.0,4.4893670082092285,72.65879821777344,2.162942409515381,3.055739402770996,Persistence,72.65879821777344
utilities/tools.descartes.teastore.registryclient/src/main/java/tools/descartes/teastore/registryclient/rest/NonBalancedCRUDOperations.java,27.116762161254883,2.6936657428741455,5.164817810058594,41.081825256347656,7.211852550506592,Registry,41.081825256347656
services/tools.descartes.teastore.auth/src/main/java/tools/descartes/teastore/auth/security/ISecurityProvider.java,94.63037109375,0.0,5.628488142974675E-4,2.2982897758483887,2.004300355911255,Auth,94.63037109375
services/tools.descartes.teastore.image/src/main/java/tools/descartes/teastore/image/cache/entry/CountedEntry.java,0.0,2.605741500854492,0.8819168210029602,2.288834810256958,5.0560221672058105,WebUI,5.0560221672058105
services/tools.descartes.teastore.auth/src/main/java/tools/descartes/teastore/auth/startup/AuthStartup.java,90.14338684082031,0.0,64.7353744506836,101.2191162109375,3.2734880447387695,Registry,101.2191162109375
services/tools.descartes.teastore.image/src/main/java/tools/descartes/teastore/image/setup/SetupController.java,61.23237609863281,90.2357406616211,68.02519226074219,43.057559967041016,18.515382766723633,ImageProvider,90.2357406616211
services/tools.descartes.teastore.auth/src/main/java/tools/descartes/teastore/auth/security/BCryptProvider.java,98.77611541748047,0.0,5.674930289387703E-4,2.300750970840454,2.0043153762817383,Auth,98.77611541748047
utilities/tools.descartes.teastore.kieker.rabbitmq/src/main/java/tools/descartes/teastore/kieker/rabbitmq/LogConsumer.java,12.428177833557129,2.4981484413146973,2.894530773162842,3.564873218536377,2.3102948665618896,Auth,12.428177833557129
services/tools.descartes.teastore.persistence/src/main/java/tools/descartes/teastore/persistence/rest/DatabaseGenerationEndpoint.java,44.944149017333984,2.3929250240325928,76.42091369628906,45.08348846435547,6.988452911376953,Persistence,76.42091369628906
services/tools.descartes.teastore.recommender/src/main/java/tools/descartes/teastore/recommender/rest/RecommendSingleEndpoint.java,19.183822631835938,3.646453380584717,5.040639877319336,2.264711856842041,2.856734037399292,Auth,19.183822631835938
services/tools.descartes.teastore.recommender/src/main/java/tools/descartes/teastore/recommender/servlet/TrainingSynchronizer.java,37.164608001708984,3.052809715270996,73.97904205322266,10.031603813171387,13.297457695007324,Persistence,73.97904205322266
services/tools.descartes.teastore.image/src/test/java/tools/descartes/teastore/image/cache/TestLeastRecentlyUsed.java,19.97738265991211,2.3414711952209473,3.744094865396619E-4,2.1984236240386963,4.717645645141602,Auth,19.97738265991211
services/tools.descartes.teastore.image/src/main/java/tools/descartes/teastore/image/ImageProvider.java,11.797579765319824,138.91995239257812,4.96569299697876,3.4457590579986572,21.743276596069336,ImageProvider,138.91995239257812
utilities/tools.descartes.teastore.kieker.rabbitmq/src/main/java/tools/descartes/teastore/kieker/rabbitmq/IndexServlet.java,0.0,2.120621681213379,4.59449045592919E-4,0.0,7.371684551239014,WebUI,7.371684551239014
services/tools.descartes.teastore.auth/src/main/java/tools/descartes/teastore/auth/rest/ReadyRest.java,115.19215393066406,1.0226120948791504,2.709803819656372,2.2934861183166504,2.900704860687256,Auth,115.19215393066406
services/tools.descartes.teastore.recommender/src/test/java/tools/descartes/teastore/recommender/algorithm/DummyRecommenderTest.java,0.0,0.0,4.7206308227032423E-4,2.2501766681671143,2.0039758682250977,Registry,2.2501766681671143
services/tools.descartes.teastore.recommender/src/main/java/tools/descartes/teastore/recommender/servlet/IndexServlet.java,0.0,0.4890136420726776,5.068518221378326E-4,2.268613338470459,3.4271302223205566,WebUI,3.4271302223205566
utilities/tools.descartes.teastore.registryclient/src/main/java/tools/descartes/teastore/registryclient/loadbalancers/EndpointClientCollection.java,0.4664623439311981,0.0,1.0004533529281616,37.28032684326172,2.0039007663726807,Registry,37.28032684326172
services/tools.descartes.teastore.registry/src/main/java/tools/descartes/teastore/registry/rest/RegistryStartup.java,0.0,0.0,0.6308931112289429,141.8870391845703,2.0041351318359375,Registry,141.8870391845703
utilities/tools.descartes.teastore.registryclient/src/main/java/tools/descartes/teastore/registryclient/util/TimeoutException.java,0.0,0.0,5.770152201876044E-4,35.0,2.004345655441284,Registry,35.0
services/tools.descartes.teastore.recommender/src/main/java/tools/descartes/teastore/recommender/algorithm/impl/DummyRecommender.java,1.8477985858917236,0.0,5.493614007718861E-4,2.291141986846924,3.004256010055542,WebUI,3.004256010055542
services/tools.descartes.teastore.image/src/main/java/tools/descartes/teastore/image/setup/CreatorRunner.java,40.868621826171875,13.718576431274414,1.4981317520141602,2.207458734512329,12.611767768859863,Auth,40.868621826171875
services/tools.descartes.teastore.image/src/test/java/tools/descartes/teastore/image/cache/TestAbstractCache.java,20.526275634765625,2.5877766609191895,1.4959876537322998,2.0577008724212646,3.7526004314422607,Auth,20.526275634765625
services/tools.descartes.teastore.recommender/src/test/java/tools/descartes/teastore/recommender/algorithm/SlopeOneRecommenderTest.java,19.995193481445312,0.0,1.5560108423233032,2.0970184803009033,2.45247745513916,Auth,19.995193481445312
services/tools.descartes.teastore.image/src/main/java/tools/descartes/teastore/image/setup/StorageRule.java,0.0,4.748105049133301,5.183109897188842E-4,2.274686336517334,8.294320106506348,WebUI,8.294320106506348
services/tools.descartes.teastore.image/src/main/java/tools/descartes/teastore/image/storage/rules/StoreAll.java,0.0,2.625230312347412,5.605551414191723E-4,2.297074317932129,6.508714199066162,WebUI,6.508714199066162
services/tools.descartes.teastore.persistence/src/main/java/tools/descartes/teastore/persistence/domain/PersistenceProduct.java,0.0,7.953804016113281,74.37355041503906,2.2341082096099854,4.250326633453369,Persistence,74.37355041503906
services/tools.descartes.teastore.image/src/test/java/tools/descartes/teastore/image/cache/entry/TestAbstractEntry.java,40.89501190185547,2.405853271484375,0.7357870936393738,2.217355728149414,4.800081729888916,Auth,40.89501190185547
utilities/tools.descartes.teastore.kieker.rabbitmq/src/main/java/tools/descartes/teastore/kieker/rabbitmq/Reset.java,0.0,0.0,4.59449045592919E-4,0.0,7.5909905433654785,WebUI,7.5909905433654785
services/tools.descartes.teastore.image/src/main/java/tools/descartes/teastore/image/ImageDB.java,11.861849784851074,16.978729248046875,3.6097183227539062,2.1303184032440186,107.91870880126953,WebUI,107.91870880126953
services/tools.descartes.teastore.webui/src/main/java/tools/descartes/teastore/webui/servlet/CategoryServlet.java,39.15629577636719,10.93730640411377,66.42094421386719,2.4523372650146484,98.66389465332031,WebUI,98.66389465332031
interfaces/tools.descartes.teastore.entities/src/main/java/tools/descartes/teastore/entities/Order.java,2.1178665161132812,3.389185905456543,3.742058038711548,0.0,2.003584384918213,Persistence,3.742058038711548
services/tools.descartes.teastore.recommender/src/main/java/tools/descartes/teastore/recommender/algorithm/impl/pop/PopularityBasedRecommender.java,17.586463928222656,2.9546689987182617,1.1314846277236938,2.2609219551086426,3.9609806537628174,Auth,17.586463928222656
services/tools.descartes.teastore.webui/src/main/java/tools/descartes/teastore/webui/servlet/LoginServlet.java,0.0,5.543181419372559,63.997074127197266,2.5347089767456055,121.02098846435547,WebUI,121.02098846435547
services/tools.descartes.teastore.recommender/src/test/java/tools/descartes/teastore/recommender/algorithm/OrderBasedRecommenderTest.java,0.0,0.0,3.074592677876353E-4,2.162942409515381,2.0031793117523193,Registry,2.162942409515381
services/tools.descartes.teastore.registry/src/main/java/tools/descartes/teastore/registry/servlet/IndexServlet.java,0.0,0.49264416098594666,5.106148310005665E-4,129.63743591308594,3.433685541152954,Registry,129.63743591308594
utilities/tools.descartes.teastore.registryclient/src/main/java/tools/descartes/teastore/registryclient/rest/LoadBalancedImageOperations.java,31.84140396118164,13.734665870666504,2.5953032970428467,41.12926483154297,10.001264572143555,Registry,41.12926483154297
services/tools.descartes.teastore.persistence/src/test/java/tools/descartes/teastore/persistence/DataGeneratorTest.java,3.267225742340088,2.1102590560913086,68.62122344970703,2.190142869949341,2.0034639835357666,Persistence,68.62122344970703
services/tools.descartes.teastore.auth/src/main/java/tools/descartes/teastore/auth/rest/AuthUserActionsRest.java,106.35519409179688,3.223909378051758,68.74272918701172,8.981635093688965,7.706835746765137,Auth,106.35519409179688
utilities/tools.descartes.teastore.kieker.rabbitmq/src/main/java/tools/descartes/teastore/kieker/rabbitmq/FileWriterDaemon.java,0.0,0.0,0.5281766653060913,0.0,3.516216993331909,WebUI,3.516216993331909
services/tools.descartes.teastore.image/src/main/java/tools/descartes/teastore/image/cache/entry/AbstractEntry.java,0.0,3.042578935623169,1.9528653621673584,2.240281343460083,4.890829563140869,WebUI,4.890829563140869
services/tools.descartes.teastore.recommender/src/main/java/tools/descartes/teastore/recommender/algorithm/IRecommender.java,1.8546249866485596,0.0,5.537847755476832E-4,3.514963150024414,3.0042707920074463,Registry,3.514963150024414
services/tools.descartes.teastore.persistence/src/test/java/tools/descartes/teastore/persistence/repository/EMFManagerInitializer.java,16.571325302124023,2.0697476863861084,75.6784439086914,2.2810401916503906,2.0041911602020264,Persistence,75.6784439086914
services/tools.descartes.teastore.recommender/src/main/java/tools/descartes/teastore/recommender/rest/RecommendEndpoint.java,20.05784034729004,3.723261833190918,5.145303249359131,2.2767720222473145,3.886207342147827,Auth,20.05784034729004
services/tools.descartes.teastore.image/src/test/java/tools/descartes/teastore/image/storage/TestNoStorage.java,19.7141056060791,2.734935760498047,4.656706587411463E-4,2.246788740158081,5.220812797546387,Auth,19.7141056060791
services/tools.descartes.teastore.image/src/test/java/tools/descartes/teastore/image/storage/rules/TestStoreAll.java,18.03826141357422,2.6002588272094727,5.407232092693448E-4,2.2865638732910156,6.446151256561279,Auth,18.03826141357422
utilities/tools.descartes.teastore.kieker.probes/src/main/java/tools/descartes/teastore/kieker/probes/records/OperationExecutionWithParametersRecord.java,4.230462074279785,2.254746913909912,1.7389088869094849,0.0,2.4416658878326416,Auth,4.230462074279785
interfaces/tools.descartes.teastore.entities/src/main/java/tools/descartes/teastore/entities/Product.java,0.0,8.518924713134766,3.9733951091766357,0.0,2.429030179977417,ImageProvider,8.518924713134766
services/tools.descartes.teastore.recommender/src/test/java/tools/descartes/teastore/recommender/algorithm/PreprocessedSlopeOneRecommenderTest.java,20.350852966308594,0.0,1.589590072631836,2.1689858436584473,2.4694597721099854,Auth,20.350852966308594
utilities/tools.descartes.teastore.registryclient/src/main/java/tools/descartes/teastore/registryclient/loadbalancers/LoadBalancerTimeoutException.java,0.0,0.0,5.605551414191723E-4,37.413787841796875,2.0042929649353027,Registry,37.413787841796875
services/tools.descartes.teastore.image/src/main/java/tools/descartes/teastore/image/cache/entry/ICacheEntry.java,0.0,2.6280531883239746,0.8991290926933289,2.2982897758483887,5.084590435028076,WebUI,5.084590435028076
services/tools.descartes.teastore.image/src/main/java/tools/descartes/teastore/image/cache/AbstractCache.java,2.743107795715332,9.231115341186523,5.460538387298584,4.450847148895264,8.124472618103027,ImageProvider,9.231115341186523
utilities/tools.descartes.teastore.registryclient/src/main/java/tools/descartes/teastore/registryclient/rest/RestUtil.java,66.95246124267578,2.6924829483032227,2.7124650478363037,42.502220153808594,6.3310322761535645,Auth,66.95246124267578
services/tools.descartes.teastore.image/src/main/java/tools/descartes/teastore/image/cache/IDataCache.java,0.0,4.596805095672607,5.262426566332579E-4,2.2788898944854736,5.024805068969727,WebUI,5.024805068969727
services/tools.descartes.teastore.image/src/test/java/tools/descartes/teastore/image/cache/AbstractCacheWrapper.java,0.0,4.555125713348389,1.3224549293518066,2.268613338470459,4.991212844848633,WebUI,4.991212844848633
services/tools.descartes.teastore.persistence/src/main/java/tools/descartes/teastore/persistence/domain/PersistenceOrder.java,3.4322590827941895,3.7115442752838135,68.2175521850586,2.1689858436584473,3.99869966506958,Persistence,68.2175521850586
services/tools.descartes.teastore.image/src/test/java/tools/descartes/teastore/image/cache/DummyEntry.java,0.0,2.5347557067871094,1.2675533294677734,2.2609219551086426,4.965130805969238,WebUI,4.965130805969238
services/tools.descartes.teastore.image/src/main/java/tools/descartes/teastore/image/cache/entry/TimedEntry.java,0.5541335344314575,3.6058106422424316,0.8756308555603027,2.2854418754577637,5.045510292053223,WebUI,5.045510292053223
services/tools.descartes.teastore.webui/src/main/java/tools/descartes/teastore/webui/servlet/elhelper/ELHelperUtils.java,0.0,3.3719165325164795,5.222467007115483E-4,2.2767720222473145,104.16498565673828,WebUI,104.16498565673828
services/tools.descartes.teastore.recommender/src/test/java/tools/descartes/teastore/recommender/algorithm/AbstractRecommenderFunctionalityTest.java,20.129329681396484,0.0,1.6453206539154053,3.070892810821533,2.5244674682617188,Auth,20.129329681396484
services/tools.descartes.teastore.image/src/test/java/tools/descartes/teastore/image/TestStoreImage.java,19.485008239746094,6.7852067947387695,1.1089152097702026,2.138225555419922,6.095587730407715,Auth,19.485008239746094
services/tools.descartes.teastore.recommender/src/main/java/tools/descartes/teastore/recommender/servlet/RetrainDaemon.java,0.0,0.0,66.19842529296875,37.67320251464844,3.4537174701690674,Persistence,66.19842529296875
services/tools.descartes.teastore.persistence/src/main/java/tools/descartes/teastore/persistence/domain/PersistenceUser.java,5.442124366760254,3.0040283203125,72.50909423828125,2.212291717529297,3.7064924240112305,Persistence,72.50909423828125
services/tools.descartes.teastore.image/src/main/java/tools/descartes/teastore/image/ImageScaler.java,1.8862073421478271,4.450514793395996,0.0012551791733130813,2.157316207885742,7.464502811431885,WebUI,7.464502811431885
services/tools.descartes.teastore.recommender/src/main/java/tools/descartes/teastore/recommender/algorithm/impl/cf/PreprocessedSlopeOneRecommender.java,15.11396312713623,0.0,1.876202940940857,2.268613338470459,2.650780200958252,Auth,15.11396312713623
services/tools.descartes.teastore.persistence/src/main/java/tools/descartes/teastore/persistence/servlet/IndexServlet.java,0.0,0.49264416098594666,76.8054428100586,2.2706077098846436,3.433685541152954,Persistence,76.8054428100586
services/tools.descartes.teastore.persistence/src/main/java/tools/descartes/teastore/persistence/domain/converters/LocalDateAttributeConverter.java,0.0,1.1225178241729736,75.6784439086914,2.2810401916503906,4.194451332092285,Persistence,75.6784439086914
services/tools.descartes.teastore.image/src/main/java/tools/descartes/teastore/image/cache/LeastFrequentlyUsed.java,0.0,4.495575904846191,4.656706587411463E-4,2.246788740158081,4.914964199066162,WebUI,4.914964199066162
services/tools.descartes.teastore.persistence/src/main/java/tools/descartes/teastore/persistence/rest/ProductEndpoint.java,22.174036026000977,6.893446922302246,68.62122344970703,7.207592964172363,6.429932594299316,Persistence,68.62122344970703
services/tools.descartes.teastore.image/src/main/java/tools/descartes/teastore/image/StoreImage.java,0.0,15.957026481628418,0.792042076587677,2.162942409515381,7.922318935394287,ImageProvider,15.957026481628418
services/tools.descartes.teastore.registry/src/main/java/tools/descartes/teastore/registry/rest/Registry.java,13.793352127075195,3.702232599258423,1.1810290813446045,175.15005493164062,3.5597121715545654,Registry,175.15005493164062
utilities/tools.descartes.teastore.registryclient/src/main/java/tools/descartes/teastore/registryclient/tracing/Tracing.java,14.782690048217773,2.197831392288208,1.4231072664260864,38.4149284362793,2.8581371307373047,Registry,38.4149284362793
services/tools.descartes.teastore.webui/src/main/java/tools/descartes/teastore/webui/servlet/StatusServlet.java,82.6602783203125,6.426698207855225,64.30005645751953,101.85619354248047,116.61985778808594,WebUI,116.61985778808594
utilities/tools.descartes.teastore.registryclient/src/main/java/tools/descartes/teastore/registryclient/rest/LoadBalancedRecommenderOperations.java,0.0,2.7241015434265137,2.392852783203125,37.30883026123047,2.0040807723999023,Registry,37.30883026123047
services/tools.descartes.teastore.webui/src/main/java/tools/descartes/teastore/webui/servlet/ErrorServlet.java,0.0,5.500522613525391,63.241031646728516,4.520609378814697,120.92145538330078,WebUI,120.92145538330078
services/tools.descartes.teastore.webui/src/main/java/tools/descartes/teastore/webui/servlet/LoginActionServlet.java,3.8601107597351074,2.796830654144287,4.2015450890176E-4,2.2226669788360596,101.15447998046875,WebUI,101.15447998046875
services/tools.descartes.teastore.persistence/src/main/java/tools/descartes/teastore/persistence/domain/OrderRepository.java,3.885986804962158,1.889089822769165,71.95730590820312,2.1689858436584473,2.835707187652588,Persistence,71.95730590820312
utilities/tools.descartes.teastore.registryclient/src/main/java/tools/descartes/teastore/registryclient/loadbalancers/ServiceLoadBalancerResult.java,0.0,0.0,5.199568271636963,39.0,3.0040016174316406,Registry,39.0
utilities/tools.descartes.teastore.registryclient/src/main/java/tools/descartes/teastore/registryclient/rest/ResponseWrapper.java,5.500948429107666,2.0594301223754883,4.101325757801533E-4,37.2061653137207,2.614824056625366,Registry,37.2061653137207
utilities/tools.descartes.teastore.registryclient/src/main/java/tools/descartes/teastore/registryclient/loadbalancers/LoadBalancerUpdaterDaemon.java,0.0,0.0,0.6874551177024841,37.0,2.0042929649353027,Registry,37.0
services/tools.descartes.teastore.registry/src/main/java/tools/descartes/teastore/registry/rest/RegistryREST.java,36.91048812866211,4.173865795135498,6.665194988250732,198.57937622070312,7.8706865310668945,Registry,198.57937622070312
services/tools.descartes.teastore.auth/src/main/java/tools/descartes/teastore/auth/security/ShaSecurityProvider.java,100.69353485107422,2.6800622940063477,2.0948545932769775,2.207458734512329,3.1823768615722656,Auth,100.69353485107422
services/tools.descartes.teastore.auth/src/test/java/tools/descartes/teastore/auth/security/ConstantKeyProviderTest.java,90.959228515625,0.0,5.605551414191723E-4,2.297074317932129,2.0042929649353027,Auth,90.959228515625
utilities/tools.descartes.teastore.kieker.rabbitmq/src/main/java/tools/descartes/teastore/kieker/rabbitmq/DisplayLogs.java,0.0,0.0,5.303001962602139E-4,0.0,2.0041911602020264,WebUI,2.0041911602020264
services/tools.descartes.teastore.image/src/test/java/tools/descartes/teastore/image/cache/entry/TestCountedEntry.java,19.420425415039062,2.5448734760284424,0.8359115123748779,2.264711856842041,4.978085994720459,Auth,19.420425415039062
services/tools.descartes.teastore.image/src/test/java/tools/descartes/teastore/image/TestImageProvider.java,0.0,2.662707567214966,5.919130053371191E-4,2.313692808151245,5.128962993621826,WebUI,5.128962993621826
services/tools.descartes.teastore.image/src/test/java/tools/descartes/teastore/image/cache/entry/TestTimedEntry.java,19.359426498413086,2.5347557067871094,0.828396201133728,2.2609219551086426,5.965130805969238,Auth,19.359426498413086
services/tools.descartes.teastore.image/src/main/java/tools/descartes/teastore/image/cache/entry/SimpleEntry.java,0.0,2.6196141242980957,0.8925963640213013,2.2946724891662598,5.073784828186035,WebUI,5.073784828186035
utilities/tools.descartes.teastore.registryclient/src/main/java/tools/descartes/teastore/registryclient/rest/LoadBalancedStoreOperations.java,119.5533218383789,5.706532001495361,2.603564739227295,37.39128494262695,2.727670431137085,Auth,119.5533218383789
services/tools.descartes.teastore.image/src/main/java/tools/descartes/teastore/image/storage/NoStorage.java,0.0,4.846858024597168,5.344208329916E-4,2.283223867416382,5.038561820983887,WebUI,5.038561820983887
services/tools.descartes.teastore.image/src/test/java/tools/descartes/teastore/image/cache/AbstractCacheTestInit.java,0.0,3.372907876968384,3.914577537216246E-4,2.207458734512329,4.757897853851318,WebUI,4.757897853851318
services/tools.descartes.teastore.image/src/main/java/tools/descartes/teastore/image/setup/ImageIDFactory.java,0.579075276851654,4.714132785797119,5.628488142974675E-4,2.2982897758483887,5.084590435028076,WebUI,5.084590435028076
services/tools.descartes.teastore.image/src/test/java/tools/descartes/teastore/image/TestImageScaler.java,25.5281982421875,5.565581798553467,0.646014392375946,2.111229419708252,7.236952781677246,Auth,25.5281982421875
services/tools.descartes.teastore.persistence/src/main/java/tools/descartes/teastore/persistence/repository/DataGenerator.java,46.658016204833984,3.161161422729492,56.64534378051758,3.596492290496826,7.264273166656494,Persistence,56.64534378051758
services/tools.descartes.teastore.persistence/src/main/java/tools/descartes/teastore/persistence/domain/PersistenceOrderItem.java,0.0,6.051273822784424,74.87076568603516,2.240281343460083,4.052389144897461,Persistence,74.87076568603516
services/tools.descartes.teastore.persistence/src/main/java/tools/descartes/teastore/persistence/domain/PersistenceCategory.java,0.0,7.907204627990723,75.90608978271484,2.2536587715148926,4.359866619110107,Persistence,75.90608978271484
utilities/tools.descartes.teastore.registryclient/src/main/java/tools/descartes/teastore/registryclient/RegistryClientHeartbeatDaemon.java,0.0,0.0,0.6605370044708252,37.463165283203125,2.0042197704315186,Registry,37.463165283203125
services/tools.descartes.teastore.persistence/src/main/java/tools/descartes/teastore/persistence/repository/CacheManager.java,26.507671356201172,0.0,70.39108276367188,2.1984236240386963,3.6187868118286133,Persistence,70.39108276367188
services/tools.descartes.teastore.image/src/test/java/tools/descartes/teastore/image/cache/rules/TestCacheAll.java,18.03826141357422,2.6002588272094727,5.407232092693448E-4,2.2865638732910156,6.446151256561279,Auth,18.03826141357422
services/tools.descartes.teastore.webui/src/main/java/tools/descartes/teastore/webui/servlet/OrderServlet.java,0.0,5.459463596343994,62.5235595703125,2.5072343349456787,118.5770263671875,WebUI,118.5770263671875
services/tools.descartes.teastore.image/src/main/java/tools/descartes/teastore/image/cache/LastInFirstOut.java,0.0,4.555125713348389,5.068518221378326E-4,2.268613338470459,4.991212844848633,WebUI,4.991212844848633
interfaces/tools.descartes.teastore.entities/src/main/java/tools/descartes/teastore/entities/OrderItem.java,0.0,4.794190406799316,3.9236674308776855,0.0,2.003758668899536,ImageProvider,4.794190406799316
services/tools.descartes.teastore.auth/src/main/java/tools/descartes/teastore/auth/security/RandomSessionIdGenerator.java,90.53697204589844,0.0,5.746047827415168E-4,2.3045201301574707,2.004338026046753,Auth,90.53697204589844
services/tools.descartes.teastore.webui/src/main/java/tools/descartes/teastore/webui/startup/WebuiStartup.java,73.93315124511719,5.0790886878967285,64.51624298095703,100.99055480957031,108.21090698242188,WebUI,108.21090698242188
utilities/tools.descartes.teastore.kieker.probes/src/main/java/tools/descartes/teastore/kieker/probes/AbstractOperationExecutionWithParameterAspect.java,5.102928161621094,5.873965263366699,3.345655918121338,66.81863403320312,4.804594039916992,Registry,66.81863403320312
utilities/tools.descartes.teastore.registryclient/src/main/java/tools/descartes/teastore/registryclient/StartupCallbackTask.java,1.7315137386322021,2.036806106567383,0.5560314059257507,104.303955078125,3.402031421661377,Registry,104.303955078125
services/tools.descartes.teastore.persistence/src/main/java/tools/descartes/teastore/persistence/rest/UserEndpoint.java,25.672401428222656,5.581061840057373,72.97956085205078,8.154988288879395,6.953055381774902,Persistence,72.97956085205078
utilities/tools.descartes.teastore.registryclient/src/main/java/tools/descartes/teastore/registryclient/rest/LoadBalancedCRUDOperations.java,0.0,2.297071695327759,2.370494842529297,37.48101043701172,2.0033881664276123,Registry,37.48101043701172
services/tools.descartes.teastore.image/src/main/java/tools/descartes/teastore/image/setup/CachingRule.java,0.0,3.5813610553741455,5.262426566332579E-4,2.2788898944854736,6.147469520568848,WebUI,6.147469520568848
services/tools.descartes.teastore.webui/src/main/java/tools/descartes/teastore/webui/servlet/AbstractUIServlet.java,20.929851531982422,7.682440280914307,2.380314350128174,2.4634013175964355,97.1762924194336,WebUI,97.1762924194336
services/tools.descartes.teastore.image/src/main/java/tools/descartes/teastore/image/cache/FirstInFirstOut.java,0.0,4.555125713348389,5.068518221378326E-4,2.268613338470459,4.991212844848633,WebUI,4.991212844848633
services/tools.descartes.teastore.registry/src/main/java/tools/descartes/teastore/registry/rest/HeartbeatInfo.java,0.0,0.0,5.560233257710934E-4,130.03489685058594,3.0042781829833984,Registry,130.03489685058594
services/tools.descartes.teastore.image/src/main/java/tools/descartes/teastore/image/setup/ImageCreator.java,0.37385955452919006,3.2039432525634766,0.22300966084003448,2.1232666969299316,6.102743148803711,WebUI,6.102743148803711
services/tools.descartes.teastore.image/src/test/java/tools/descartes/teastore/image/cache/entry/TestSimpleEntry.java,16.571325302124023,2.586714744567871,0.8673878312110901,2.2810401916503906,5.031660079956055,Auth,16.571325302124023
services/tools.descartes.teastore.image/src/main/java/tools/descartes/teastore/image/storage/DriveStorage.java,29.918066024780273,6.903084754943848,2.392834424972534,2.1471543312072754,10.287277221679688,Auth,29.918066024780273
services/tools.descartes.teastore.persistence/src/main/java/tools/descartes/teastore/persistence/repository/AbstractPersistenceRepository.java,0.0,2.2883195877075195,74.84500122070312,4.563137054443359,3.250499963760376,Persistence,74.84500122070312
services/tools.descartes.teastore.recommender/src/main/java/tools/descartes/teastore/recommender/algorithm/impl/orderbased/OrderBasedRecommender.java,34.79877471923828,3.243522882461548,9.067829232662916E-4,2.240281343460083,5.590410232543945,Auth,34.79877471923828
services/tools.descartes.teastore.recommender/src/main/java/tools/descartes/teastore/recommender/algorithm/OrderItemSet.java,2.1225178241729736,0.0,0.6204151511192322,2.2810401916503906,2.5619118213653564,WebUI,2.5619118213653564
services/tools.descartes.teastore.image/src/main/java/tools/descartes/teastore/image/setup/CachingMode.java,0.0,4.337321758270264,3.0856924057006836,2.268613338470459,6.072509288787842,WebUI,6.072509288787842
utilities/tools.descartes.teastore.dockermemoryconfigurator/src/main/java/tools/descartes/teastore/dockermemoryconfigurator/Configurator.java,18.091339111328125,0.0,0.6610806584358215,2.6420326232910156,4.749477863311768,Auth,18.091339111328125
services/tools.descartes.teastore.image/src/test/java/tools/descartes/teastore/image/cache/DummyData.java,0.0,5.024418830871582,1.2859570980072021,2.264711856842041,4.978085994720459,ImageProvider,5.024418830871582
services/tools.descartes.teastore.webui/src/main/java/tools/descartes/teastore/webui/servlet/DataBaseActionServlet.java,40.38705062866211,6.417337894439697,58.58790588378906,10.101613998413086,103.27800750732422,WebUI,103.27800750732422
services/tools.descartes.teastore.auth/src/test/java/tools/descartes/teastore/auth/security/ShaSecurityProviderTest.java,92.86515808105469,0.0,3.0471534729003906,5.31525993347168,6.485989570617676,Auth,92.86515808105469
services/tools.descartes.teastore.image/src/main/java/tools/descartes/teastore/image/storage/IDataStorage.java,0.0,4.881300926208496,5.471761105582118E-4,2.2899837493896484,5.059550762176514,WebUI,5.059550762176514
interfaces/tools.descartes.teastore.entities/src/main/java/tools/descartes/teastore/entities/ImageSize.java,0.6429490447044373,3.6215219497680664,3.6227400302886963,0.0,6.222634792327881,WebUI,6.222634792327881
services/tools.descartes.teastore.auth/src/main/java/tools/descartes/teastore/auth/security/ConstantKeyProvider.java,91.4398422241211,0.0,5.722144851461053E-4,2.303253173828125,2.0043303966522217,Auth,91.4398422241211
services/tools.descartes.teastore.persistence/src/main/java/tools/descartes/teastore/persistence/domain/ProductRepository.java,0.0,4.839866638183594,71.8214111328125,2.1689858436584473,2.835707187652588,Persistence,71.8214111328125
services/tools.descartes.teastore.image/src/main/java/tools/descartes/teastore/image/setup/ImageProviderStartup.java,0.0,37.658241271972656,70.99571228027344,99.3235855102539,6.11126708984375,Registry,99.3235855102539
services/tools.descartes.teastore.image/src/test/java/tools/descartes/teastore/image/TestImageDB.java,20.4244327545166,6.141873836517334,2.325945533812046E-4,2.1232666969299316,5.534437656402588,Auth,20.4244327545166
utilities/tools.descartes.teastore.registryclient/src/main/java/tools/descartes/teastore/registryclient/rest/CharResponseWrapper.java,0.0,0.0,5.183109897188842E-4,35.0,2.0041489601135254,Registry,35.0
interfaces/tools.descartes.teastore.entities/src/test/java/tools/descartes/teastore/entities/InterfaceTests.java,0.0,0.0,3.152858018875122,0.0,2.00439190864563,Persistence,3.152858018875122
services/tools.descartes.teastore.webui/src/main/java/tools/descartes/teastore/webui/servlet/ProductServlet.java,1.0,13.117145538330078,70.13270568847656,2.5471110343933105,109.34982299804688,WebUI,109.34982299804688
services/tools.descartes.teastore.auth/src/main/java/tools/descartes/teastore/auth/security/IKeyProvider.java,91.73226928710938,0.0,5.79445855692029E-4,2.3070855140686035,2.0043532848358154,Auth,91.73226928710938
services/tools.descartes.teastore.webui/src/main/java/tools/descartes/teastore/webui/servlet/CartServlet.java,10.18651008605957,13.003352165222168,70.13270568847656,2.5471110343933105,109.34982299804688,WebUI,109.34982299804688
utilities/tools.descartes.teastore.kieker.rabbitmq/src/main/java/tools/descartes/teastore/kieker/rabbitmq/LogReaderStartup.java,0.0,0.0,4.786335048265755E-4,0.0,2.0040016174316406,WebUI,2.0040016174316406
services/tools.descartes.teastore.image/src/test/java/tools/descartes/teastore/image/cache/TestFirstInFirstOut.java,20.05934715270996,2.3114418983459473,3.5878425114788115E-4,2.190142869949341,4.679195404052734,Auth,20.05934715270996
services/tools.descartes.teastore.persistence/src/main/java/tools/descartes/teastore/persistence/repository/DatabaseManagementEntity.java,0.0,2.2851290702819824,79.76310729980469,2.2946724891662598,2.0042781829833984,Persistence,79.76310729980469
utilities/tools.descartes.teastore.registryclient/src/main/java/tools/descartes/teastore/registryclient/util/NotFoundException.java,0.0,0.0,5.770152201876044E-4,35.0,2.004345655441284,Registry,35.0
interfaces/tools.descartes.teastore.entities/src/main/java/tools/descartes/teastore/entities/Category.java,0.0,5.617149829864502,4.163733005523682,0.0,2.4443023204803467,ImageProvider,5.617149829864502
services/tools.descartes.teastore.recommender/src/main/java/tools/descartes/teastore/recommender/algorithm/AbstractRecommender.java,18.7160701751709,3.6950769424438477,1.601178765296936,6.378746509552002,3.6347813606262207,Auth,18.7160701751709
services/tools.descartes.teastore.persistence/src/main/java/tools/descartes/teastore/persistence/rest/OrderEndpoint.java,24.232547760009766,2.3498425483703613,70.19702911376953,2.207458734512329,3.0465848445892334,Persistence,70.19702911376953
utilities/tools.descartes.teastore.registryclient/src/main/java/tools/descartes/teastore/registryclient/util/RESTClient.java,22.470924377441406,0.0,3.839252233505249,37.349151611328125,2.607372522354126,Registry,37.349151611328125
services/tools.descartes.teastore.image/src/test/java/tools/descartes/teastore/image/TestImageDBKey.java,19.892257690429688,2.5347557067871094,4.923386732116342E-4,2.2609219551086426,4.965130805969238,Auth,19.892257690429688
services/tools.descartes.teastore.persistence/src/main/java/tools/descartes/teastore/persistence/rest/OrderItemEndpoint.java,21.688533782958984,6.651751518249512,67.88507080078125,2.182525396347046,3.239305019378662,Persistence,67.88507080078125
services/tools.descartes.teastore.recommender/src/test/java/tools/descartes/teastore/recommender/algorithm/AbstractRecommenderTest.java,4.663074493408203,0.16276001930236816,0.44053685665130615,2.707911968231201,2.4408857822418213,Auth,4.663074493408203
services/tools.descartes.teastore.recommender/src/main/java/tools/descartes/teastore/recommender/algorithm/impl/cf/SlopeOneRecommender.java,19.475589752197266,1.5677504539489746,1.413716435432434,4.976781368255615,3.900815725326538,Auth,19.475589752197266
services/tools.descartes.teastore.persistence/src/main/java/tools/descartes/teastore/persistence/domain/CategoryRepository.java,0.0,2.1127266883850098,75.00383758544922,2.2341082096099854,2.003852128982544,Persistence,75.00383758544922
services/tools.descartes.teastore.image/src/main/java/tools/descartes/teastore/image/cache/RandomReplacement.java,0.0,6.348966598510742,4.7206308227032423E-4,2.2501766681671143,4.927264213562012,ImageProvider,6.348966598510742
services/tools.descartes.teastore.webui/src/main/java/tools/descartes/teastore/webui/servlet/AboutUsServlet.java,0.0,7.00402307510376,1.6586365699768066,2.212291717529297,114.15617370605469,WebUI,114.15617370605469
services/tools.descartes.teastore.webui/src/main/java/tools/descartes/teastore/webui/servlet/ProfileServlet.java,3.9060564041137695,6.030159950256348,73.2049331665039,2.609980583190918,116.29452514648438,WebUI,116.29452514648438
services/tools.descartes.teastore.persistence/src/main/java/tools/descartes/teastore/persistence/repository/EMFManager.java,21.01116180419922,2.38946795463562,81.63223266601562,3.0457277297973633,5.684226036071777,Persistence,81.63223266601562
services/tools.descartes.teastore.persistence/src/test/java/tools/descartes/teastore/persistence/RegistrationDaemon.java,0.0,0.0,78.4342041015625,92.58448791503906,2.962289333343506,Registry,92.58448791503906
utilities/tools.descartes.teastore.kieker.probes/src/main/java/tools/descartes/teastore/kieker/probes/records/IPayloadCharacterization.java,0.0,0.0,5.674930289387703E-4,0.0,2.0043153762817383,WebUI,2.0043153762817383
services/tools.descartes.teastore.persistence/src/main/java/tools/descartes/teastore/persistence/domain/converters/LocalDateTimeAttributeConverter.java,0.0,0.0,75.6784439086914,2.2810401916503906,2.0041911602020264,Persistence,75.6784439086914
services/tools.descartes.teastore.auth/src/main/java/tools/descartes/teastore/auth/security/ISessionIdGenerator.java,90.92893981933594,0.0,5.843691760674119E-4,2.309694766998291,2.004368782043457,Auth,90.92893981933594
services/tools.descartes.teastore.recommender/src/main/java/tools/descartes/teastore/recommender/servlet/RecommenderStartup.java,0.5834982395172119,0.8752474784851074,68.43991088867188,92.37406158447266,4.064123630523682,Registry,92.37406158447266
utilities/tools.descartes.teastore.kieker.rabbitmq/src/main/java/tools/descartes/teastore/kieker/rabbitmq/LogReaderDaemon.java,11.310637474060059,0.5599156618118286,0.7079523801803589,0.0,2.003852128982544,Auth,11.310637474060059
services/tools.descartes.teastore.persistence/src/main/java/tools/descartes/teastore/persistence/rest/CategoryEndpoint.java,17.413330078125,2.4070897102355957,72.85865020751953,2.240281343460083,2.28997802734375,Persistence,72.85865020751953
utilities/tools.descartes.teastore.registryclient/src/main/java/tools/descartes/teastore/registryclient/StartupCallback.java,0.0,0.0,5.893768393434584E-4,35.0,2.0043840408325195,Registry,35.0
services/tools.descartes.teastore.webui/src/main/java/tools/descartes/teastore/webui/rest/ReadyRest.java,25.5791015625,3.946438789367676,2.716715097427368,2.2946724891662598,105.09291076660156,WebUI,105.09291076660156
services/tools.descartes.teastore.image/src/test/java/tools/descartes/teastore/image/storage/TestDriveStorage.java,0.0,2.656829833984375,5.868623265996575E-4,2.311016082763672,5.121436595916748,WebUI,5.121436595916748
services/tools.descartes.teastore.recommender/src/main/java/tools/descartes/teastore/recommender/algorithm/RecommenderSelector.java,27.613054275512695,0.0,4.669438362121582,6.529816627502441,7.225337028503418,Auth,27.613054275512695
services/tools.descartes.teastore.image/src/test/java/tools/descartes/teastore/image/cache/TestRandomReplacement.java,19.494115829467773,3.452531099319458,2.7766841230913997E-4,2.1471543312072754,4.45171594619751,Auth,19.494115829467773
services/tools.descartes.teastore.image/src/main/java/tools/descartes/teastore/image/cache/LeastRecentlyUsed.java,0.0,4.486091613769531,4.59449045592919E-4,2.2434916496276855,4.902820110321045,WebUI,4.902820110321045
services/tools.descartes.teastore.persistence/src/main/java/tools/descartes/teastore/persistence/daemons/InitialDataGenerationDaemon.java,12.5430326461792,1.1395795345306396,79.42414093017578,100.83600616455078,2.7273967266082764,Registry,100.83600616455078
services/tools.descartes.teastore.image/src/main/java/tools/descartes/teastore/image/cache/MostRecentlyUsed.java,0.0,4.486091613769531,4.59449045592919E-4,2.2434916496276855,4.902820110321045,WebUI,4.902820110321045
interfaces/tools.descartes.teastore.entities/src/main/java/tools/descartes/teastore/entities/User.java,5.608471870422363,2.427812099456787,3.9236674308776855,0.0,2.003758668899536,Auth,5.608471870422363
services/tools.descartes.teastore.persistence/src/main/java/tools/descartes/teastore/persistence/rest/CacheManagerEndpoint.java,26.80235481262207,0.8717057704925537,74.58816528320312,7.874983310699463,8.432108879089355,Persistence,74.58816528320312
services/tools.descartes.teastore.persistence/src/test/java/tools/descartes/teastore/persistence/RepositoryTest.java,2.7771620750427246,3.80961275100708,57.194576263427734,2.0970184803009033,2.330714464187622,Persistence,57.194576263427734
services/tools.descartes.teastore.image/src/main/java/tools/descartes/teastore/image/setup/CreatorFactory.java,14.082959175109863,10.297714233398438,3.2497122287750244,2.182525396347046,8.87387466430664,Auth,14.082959175109863
utilities/tools.descartes.teastore.registryclient/src/main/java/tools/descartes/teastore/registryclient/util/AbstractCRUDEndpoint.java,34.436927795410156,3.1657676696777344,7.675586700439453,41.29452133178711,7.93389892578125,Registry,41.29452133178711
interfaces/tools.descartes.teastore.entities/src/main/java/tools/descartes/teastore/entities/message/SessionBlob.java,1.0,3.4801197052001953,2.987133026123047,0.0,2.004053831100464,ImageProvider,3.4801197052001953
utilities/tools.descartes.teastore.registryclient/src/main/java/tools/descartes/teastore/registryclient/rest/HttpWrapper.java,4.659985542297363,0.6817175149917603,1.5572644472122192,35.0,2.9271578788757324,Registry,35.0
utilities/tools.descartes.teastore.registryclient/src/main/java/tools/descartes/teastore/registryclient/loadbalancers/ServiceLoadBalancer.java,8.060871124267578,0.4685218930244446,4.950934886932373,68.45106506347656,6.166569232940674,Registry,68.45106506347656
